Categor°a;Familia olfativa;Nombre
Femenina;Amaderada Ambarada Gourdmand;Ginebra
Femenina;Floral Oriental;Mil†n
Femenina;Floral;Marsella by night
Femenina;Oriental;Atenas Intense
Femenina;Floral Oriental;Charlotte
Femenina;Floral Oriental;Par°s
Femenina;Oriental;Amsterdam
Masculina;Amaderada;Esparta Victory
Masculina;Amaderada;Esparta
Masculina;Fougäre;New York Heroes
Masculina;Amaderada;Santorini
Masculina;Amaderada;Las Vegas
Masculina;Oriental;Detroit
Masculina;Amaderada;Singapur
Masculina;Fougäre;Arizona
Masculina;Floral Oriental;Dub†i
Masculina;Oriental;Bucarest
Masculina;Citrica;Amalfi
Unisex;Floral Oriental;Lif
Unisex;Almizcle Floral Amaderada;Rio Be
Unisex;C°trica;R°o
Masculina;Amaderada Oriental Especiado;Bellagio
Femenina;Floral frutal;Siena
Femenina;Floral;Los µngeles
Femenina;Floral;Par°s RosÇ
Femenina;Floral;Manhattan Party
Femenina;Floral;Mykonos
Femenina;Floral;Positano
Femenina;Floral;Praga
Femenina;Floral;Praga Luna
Femenina;Floral;Capri
Femenina;Floral;Reine
Femenina;Floral;Versalles
Femenina;Floral;Chicago
Femenina;Floral;Manhattan RosÇ
Femenina;Floral Frutal Gourdmand;Estambul
Femenina;Floral frutal;Femme
Femenina;Floral frutal;New York
Femenina;Floral frutal;Par°s Cristal
Femenina;Floral Oriental;Angers
Femenina;Floral Oriental;Berl°n
Femenina;Floral Oriental;Manhattan
Femenina;Ambarada Floral;Hawai Fem
Femenina;Ambar Floral;Hollywood
Femenina;Floral Oriental;Queens
Masculina;Especiada Amaderada Fresca;Barcelona
Masculina;Amaderada;Esparta Victory
Masculina;Amaderada;Manhattan Black Red
Masculina;Amaderada;Manhattan
Masculina;Amaderada;M¢naco Red
Masculina;Amaderada;M¢naco Red Intense
Masculina;Amaderada;Munich
Masculina;Amaderada;Roma
Masculina;Amaderada;Santorini
Masculina;Floral Oriental;Tenerife
Masculina;Fougäre;Hawai Masc
Masculina;Fougäre;Manhattan Black
Masculina;Fougäre;New York Homme
Masculina;Oriental;Amsterdame Homme
Masculina;C°trica;M¢naco Blue
Femenina;Floral;Tokio Flower
Femenina;Floral Frutal;Brujas
Femenina;Floral Frutal;New York Heroes
Femenina;Oriental;New York Heroes Sexy
Femenina;Floral Oriental;Venecia
Femenina;Floral;Verona
Femenina;Oriental;Atenas
Femenina;Oriental;Bangkok
Femenina;Floral Oriental;Mumbai
Femenina;Oriental Fougäre;Sidney
Femenina;Amaderada;Tokio Masc
Masculina;Oriental Fougäre;Torino
Masculina;Amaderada;Lyon
Masculina;Amaderada;Londres
Masculina;Oriental Amaderado;Abu Dabi
Unisex;Oriental;Marrakech
Femenina;Amaderada Arom†tica Gourdmand;Doha
Femenina;Floral Frutal Gourdmand;Shali
Femenina;Floral Oriental Frutal;Sahara
